nf,beta0,Gamma0q,Gamma1q,d2zetaq,d2boundaryq
4,8.333333333333334,5.333333333333333,42.76951726826416,-18.525063120147156,-37.05012624029431
5,7.666666666666667,5.333333333333333,36.843591342338236,-21.29049521891259,-42.58099043782518
